,Comment1,rank
108,comment applies necessary places,1.5047843670872212
699,use appropriate data type,1.3541471064165618
576,right maybe better leave,1.0
125,consider moving private function,1.0
390,marked componenthistorytransform say keystoexcludeinhistory,1.0
148,could renamed getifutddocumentlist gethelpdocumnentlist,1.0
430,naming convention issue tddocument,1.0
142,could defined function named,1.0
141,could clubbed import statement,1.0
128,const could please check,1.0
126,consistent design id missing,1.0
113,comment required expect statement,1.0
570,review done cosmetic issues,1.0
112,comment might apply mentioned,1.0
406,might lead confusion rename,1.0
437,need better descirption method,1.0
436,need better decription method,1.0
416,move custom imports group,1.0
59,better specify returns returns,1.0
382,mark const add datatype,1.0
145,could moved global styles,1.0
269,function return type missing,1.0
562,return type specified function,1.0
504,please remove extra whitespace,1.0
16,add proper return description,1.0
685,update doc purpose indicator,1.0
686,update doc understand clearly,1.0
687,update documentation new property,1.0
325,ifu td documents endpoints,1.0
319,id firstintindex called better,1.0
508,possible reuse extend appsettingsicons,1.0
529,provide example input output,1.0
104,column definition data dictionary,0.7837327911609868
414,move appsettingsicons definition remove,0.7071067811865476
172,desire confirmed avinash ok,0.7071067811865476
82,changes made consts reused,0.7071067811865476
491,pipe suffix missing pcheckhistoryvaluecategory,0.7071067811865476
489,per latest function name,0.7071067811865476
98,code need add tracker,0.7071067811865476
692,updated per latest function,0.7071067811865476
247,follow typescript enum naming,0.7071067811865476
691,update returns ideally specify,0.7071067811865476
675,type variable const assume,0.7071067811865476
564,returns ideally specify returns,0.7071067811865476
323,ideally translated strings localization,0.7071067811865476
118,component names present parameter,0.7071067811865476
676,typescript enum naming conventions,0.7071067811865476
400,mention type variable const,0.7071067811865476
243,fix desire confirmed avinash,0.7071067811865476
429,names present parameter names,0.7071067811865476
625,suffix missing pcheckhistoryvaluecategory pcheckhistoryvaluecategorypipe,0.7071067811865476
662,translated strings localization ids,0.7071067811865476
619,stings changes made consts,0.7071067811865476
40,appsettingsicons definition remove references,0.7071067811865476
434,need add tracker sheet,0.7071067811865476
379,many places used please,0.6657719105789677
314,https fsharephilipscom fsites fisrord,0.6485672265115772
383,mark const comment applies,0.6010833230861884
386,mark ids comment applies,0.6010833230861884
127,const comment applies necessary,0.6010833230861884
324,ids comment applies necessary,0.6010833230861884
431,naming tumourlocationhistorymodel tattoopositionhistorymodel could,0.5773502691896257
722,valuesplitseparator null check value,0.5773502691896257
560,return proper description description,0.5773502691896257
411,model interface type generic,0.5773502691896257
338,instead pass model interface,0.5773502691896257
13,add index localization module,0.5773502691896257
517,prescription added checked removing,0.5773502691896257
233,file avoid big lines,0.5773502691896257
62,better use actual endpoints,0.5773502691896257
190,dont think prescription added,0.5773502691896257
84,check value provided dynamically,0.5773502691896257
500,please format file avoid,0.5773502691896257
327,index localization module import,0.5773502691896257
477,pass model interface type,0.5773502691896257
99,code opened comments done,0.5773502691896257
734,wait build finished check,0.5773502691896257
698,use actual endpoints enum,0.5773502691896257
450,null check value provided,0.5773502691896257
250,format file avoid big,0.5773502691896257
419,moved left hand side,0.5773502691896257
7,actual endpoints enum like,0.5773502691896257
115,comments done round review,0.5773502691896257
682,uniformity naming tumourlocationhistorymodel tattoopositionhistorymodel,0.5773502691896257
648,think prescription added checked,0.5773502691896257
357,left hand side like,0.5773502691896257
389,mark return proper description,0.5773502691896257
293,good add index localization,0.5773502691896257
67,build finished check results,0.5773502691896257
146,could moved left hand,0.5773502691896257
60,better uniformity naming tumourlocationhistorymodel,0.5773502691896257
524,proper description description tag,0.5773502691896257
466,opened comments done round,0.5773502691896257
360,lets wait build finished,0.5773502691896257
543,refer existing test cases,0.5607806779175503
129,const mutable comment applies,0.5151783113463132
422,mutable comment applies necessary,0.5151783113463132
384,mark const mutable comment,0.5151783113463132
101,coded isnt column definition,0.5089577744804074
298,hard coded isnt column,0.5089577744804074
344,isnt column definition data,0.5089577744804074
166,defining variables reused multiple,0.5
381,mark componenthistorytransform explained tumor,0.5
168,descirbe function add returns,0.5
169,description better name tddocumentlist,0.5
639,technical description better name,0.5
575,right defined constants reused,0.5
156,data dictionary right mentioned,0.5
602,slash endpoint enum like,0.5
388,mark private assume function,0.5
628,taken data dictionary right,0.5
448,next may latest dataset,0.5
17,add returns descirbe return,0.5
377,loop readonly cannot changed,0.5
376,loop elements loop readonly,0.5
515,prefer descirbe function add,0.5
519,previous pr kindly update,0.5
520,private assume function calling,0.5
510,pr kindly update doc,0.5
262,function calling outside component,0.5
261,function add returns descirbe,0.5
532,put trailing slash endpoint,0.5
254,front back left right,0.5
248,foreach loop elements loop,0.5
664,tumor location transformer file,0.5
657,trailing slash endpoint enum,0.5
333,inside pipe check isempty,0.5
468,overlooked previous pr kindly,0.5
227,explicitly translate constructing xpath,0.5
224,explained tumor location transformer,0.5
393,may latest dataset messages,0.5
355,labels taken data dictionary,0.5
207,endpoint enum like url,0.5
358,left right defined constants,0.5
203,elements loop readonly cannot,0.5
667,twice controlmodelvalue inside pipe,0.5
139,could avoid defining variables,0.5
51,back left right defined,0.5
394,may overlooked previous pr,0.5
131,constructing xpath already verify,0.5
120,componenthistorytransform explained tumor location,0.5
417,move next may latest,0.5
614,stands technical description better,0.5
439,need explicitly translate constructing,0.5
45,assume function calling outside,0.5
726,variables reused multiple places,0.5
97,code move next may,0.5
96,code labels taken data,0.5
49,avoid defining variables reused,0.5
661,translate constructing xpath already,0.5
136,controlmodelvalue inside pipe check,0.5
88,checking twice controlmodelvalue inside,0.5
636,td stands technical description,0.5
71,cant sort data asis,0.447213595499958
541,really require check working,0.447213595499958
186,documents different fails download,0.447213595499958
260,full rename file well,0.447213595499958
608,sort data asis rather,0.447213595499958
370,lodash functions say get,0.447213595499958
191,downloading td documents different,0.447213595499958
534,rather converting lower case,0.447213595499958
593,shortened using lodash functions,0.447213595499958
194,driven based component name,0.447213595499958
587,service jasmine mock httpclienttestingmodule,0.447213595499958
728,via parameter name driven,0.447213595499958
77,change icon red dot,0.447213595499958
712,using lodash functions say,0.447213595499958
595,since endpoint downloading td,0.447213595499958
206,endpoint downloading td documents,0.447213595499958
208,endpoints urls within function,0.447213595499958
348,jasmine mock httpclienttestingmodule remove,0.447213595499958
548,rename file well accordinglt,0.447213595499958
85,check working removed working,0.447213595499958
86,checkhistoryvaluecategory could meaning full,0.447213595499958
42,asis rather converting lower,0.447213595499958
470,parameter name driven based,0.447213595499958
551,require check working removed,0.447213595499958
497,please attach screenshots value,0.447213595499958
423,name driven based component,0.447213595499958
410,mock angular http service,0.447213595499958
274,functions say get etc,0.447213595499958
30,angular http service jasmine,0.447213595499958
265,function need parameterized define,0.447213595499958
396,meaning full rename file,0.447213595499958
122,configurations really require check,0.447213595499958
743,working removed working remove,0.447213595499958
47,attach screenshots value change,0.447213595499958
581,screenshots value change icon,0.447213595499958
144,could meaning full rename,0.447213595499958
153,data asis rather converting,0.447213595499958
634,td documents different fails,0.447213595499958
165,define endpoints urls within,0.447213595499958
311,http service jasmine mock,0.447213595499958
270,function shortened using lodash,0.447213595499958
719,value change icon red,0.447213595499958
471,parameterized define endpoints urls,0.447213595499958
440,need parameterized define endpoints,0.447213595499958
5,access via parameter name,0.447213595499958
704,use word document uniformity,0.408248290463863
56,better mention precisely like,0.408248290463863
329,infra pr merge resolve,0.408248290463863
481,patient id something similar,0.408248290463863
518,presentation conflict message thank,0.408248290463863
299,help skip object well,0.408248290463863
601,skip object well example,0.408248290463863
513,precisely like holds patient,0.408248290463863
228,export core index file,0.408248290463863
697,us use word document,0.408248290463863
306,holds patient id something,0.408248290463863
464,one time better use,0.408248290463863
279,future might make sense,0.408248290463863
63,better use directly rather,0.408248290463863
12,add id button well,0.408248290463863
81,change tumourlocationhistorytransformerts line foreach,0.408248290463863
511,pr merge resolve comment,0.408248290463863
590,shall downloadpdfdocument let us,0.408248290463863
653,time better use directly,0.408248290463863
738,well example paninfo tumourscandata,0.408248290463863
540,really needed view line,0.408248290463863
3,access export core index,0.408248290463863
533,question help skip object,0.408248290463863
735,waiting infra pr merge,0.408248290463863
4,access ipcore able access,0.408248290463863
700,use directly rather creating,0.408248290463863
666,tumourlocationhistorytransformerts line foreach loop,0.408248290463863
554,resolve comment infra pr,0.408248290463863
499,please confirm ui presentation,0.408248290463863
362,like holds patient id,0.408248290463863
364,line alone suffice checking,0.408248290463863
365,line really needed view,0.408248290463863
192,downloadpdfdocument let us use,0.408248290463863
584,sense add id button,0.408248290463863
456,object well example paninfo,0.408248290463863
498,please change tumourlocationhistorytransformerts line,0.408248290463863
179,directly rather creating variable,0.408248290463863
374,looking future might make,0.408248290463863
177,directly access ipcore able,0.408248290463863
1,able access export core,0.408248290463863
110,comment infra pr merged,0.408248290463863
114,comment valid also please,0.408248290463863
403,merge resolve comment infra,0.408248290463863
123,confirm ui presentation conflict,0.408248290463863
445,needed view line alone,0.408248290463863
28,also please change tumourlocationhistorytransformerts,0.408248290463863
399,mention precisely like holds,0.408248290463863
24,alone suffice checking argument,0.408248290463863
677,ui presentation conflict message,0.408248290463863
715,valid also please change,0.408248290463863
378,make sense add id,0.408248290463863
713,using one time better,0.408248290463863
741,word document uniformity purpose,0.408248290463863
730,view line alone suffice,0.408248290463863
407,might make sense add,0.408248290463863
100,code please confirm ui,0.408248290463863
102,codefir code please confirm,0.408248290463863
359,let us use word,0.408248290463863
218,example paninfo tumourscandata model,0.408248290463863
342,ipcore able access export,0.408248290463863
158,data type case guess,0.3817896076411668
503,please mark appropriate data,0.3817896076411668
670,type case guess markerinfo,0.3817896076411668
380,mark appropriate data type,0.3817896076411668
283,generic comment many places,0.3817896076411668
296,guess markerinfo valid data,0.3817896076411668
391,markerinfo valid data type,0.3817896076411668
708,used please mark appropriate,0.3817896076411668
111,comment many places used,0.3817896076411668
493,places used please mark,0.3817896076411668
37,appropriate data type case,0.3817896076411668
73,case guess markerinfo valid,0.3817896076411668
425,name giving context view,0.37796447300922725
305,historyvaluecategoryvalidatorsts plain word category,0.37796447300922725
460,occurred generic cant help,0.37796447300922725
496,plain word category giveing,0.37796447300922725
447,new localization id better,0.37796447300922725
462,one span inside preferable,0.37796447300922725
514,precisely means error occurred,0.37796447300922725
397,means error occurred generic,0.37796447300922725
672,type return true input,0.37796447300922725
688,update id per source,0.37796447300922725
671,type reserved key rename,0.37796447300922725
335,instead appending code comment,0.37796447300922725
334,inside preferable nested spans,0.37796447300922725
332,input undefined better name,0.37796447300922725
678,undefined better name isprimitiveorundefinedtype,0.37796447300922725
317,id better update id,0.37796447300922725
679,undefined premitive type return,0.37796447300922725
658,trailing slash instead appending,0.37796447300922725
368,localization id better update,0.37796447300922725
475,pass endpointstddocument comment applies,0.37796447300922725
371,logs added precisely means,0.37796447300922725
321,id per source value,0.37796447300922725
624,succeeded warnings warnings errors,0.37796447300922725
353,key rename something else,0.37796447300922725
492,pipes doc upto date,0.37796447300922725
663,true input undefined better,0.37796447300922725
695,upto date add doc,0.37796447300922725
107,comment applies downloadifudocument function,0.37796447300922725
130,const name giving context,0.37796447300922725
723,variable directly pass endpointstddocument,0.37796447300922725
133,context view could betterrenamed,0.37796447300922725
140,could betterrenamed example historyvaluecategorymap,0.37796447300922725
143,could historyvaluecategoryvalidatorsts plain word,0.37796447300922725
149,could reuse existing template,0.37796447300922725
574,rid variable directly pass,0.37796447300922725
641,template reference menuhelptemplate please,0.37796447300922725
566,reuse existing template reference,0.37796447300922725
178,directly pass endpointstddocument comment,0.37796447300922725
718,validation succeeded warnings warnings,0.37796447300922725
181,div already one span,0.37796447300922725
182,doc doesnt get missed,0.37796447300922725
183,doc upto date add,0.37796447300922725
561,return true input undefined,0.37796447300922725
204,else also data type,0.37796447300922725
209,endpointstddocument comment applies downloadifudocument,0.37796447300922725
211,error occurred generic cant,0.37796447300922725
212,errors also could optional,0.37796447300922725
582,seeing const name giving,0.37796447300922725
729,view could betterrenamed example,0.37796447300922725
219,existing template reference menuhelptemplate,0.37796447300922725
93,code comment applied tddocument,0.37796447300922725
11,add doc doesnt get,0.37796447300922725
621,string trailing slash instead,0.37796447300922725
22,added precisely means error,0.37796447300922725
25,already one span inside,0.37796447300922725
26,also data type missing,0.37796447300922725
610,span inside preferable nested,0.37796447300922725
34,appending code comment applied,0.37796447300922725
609,span div already one,0.37796447300922725
740,word category giveing sense,0.37796447300922725
606,something else also data,0.37796447300922725
737,warnings warnings errors errors,0.37796447300922725
603,slash instead appending code,0.37796447300922725
596,since new localization id,0.37796447300922725
61,better update id per,0.37796447300922725
736,warnings errors errors also,0.37796447300922725
75,case validation succeeded warnings,0.37796447300922725
76,category giveing sense understand,0.37796447300922725
591,shared pipes doc upto,0.37796447300922725
91,close string trailing slash,0.37796447300922725
213,errors errors also could,0.37796447300922725
162,date add doc doesnt,0.37796447300922725
553,reserved key rename something,0.37796447300922725
292,giving context view could,0.37796447300922725
237,filename could historyvaluecategoryvalidatorsts plain,0.37796447300922725
282,generic cant help troubleshoot,0.37796447300922725
288,get rid variable directly,0.37796447300922725
649,think required could reuse,0.37796447300922725
289,giveing sense understand view,0.37796447300922725
549,rename something else also,0.37796447300922725
542,reason span div already,0.37796447300922725
544,reference menuhelptemplate please check,0.37796447300922725
552,required could reuse existing,0.37796447300922725
516,premitive type return true,0.37796447300922725
87,checking could use isnumber,0.35355339059327384
65,bit confusing key actuallength,0.35355339059327384
424,name fhirhumannamesorter could reused,0.35355339059327384
635,td file downloads dont,0.35355339059327384
267,function pass single concatenated,0.35355339059327384
702,use isnumber function valid,0.35355339059327384
398,means key key also,0.35355339059327384
412,models files id related,0.35355339059327384
124,confusing key actuallength actuallength,0.35355339059327384
322,id related tatoo tomour,0.35355339059327384
487,per architecture objkeylabelmap added,0.35355339059327384
536,rather limiting patient name,0.35355339059327384
583,sending two parameters function,0.35355339059327384
121,concatenated string calling environment,0.35355339059327384
535,rather explicitly checking could,0.35355339059327384
598,single concatenated string calling,0.35355339059327384
273,function valid number enter,0.35355339059327384
472,parameters function pass single,0.35355339059327384
8,actuallength actuallength means key,0.35355339059327384
9,actuallength means key key,0.35355339059327384
626,supporting ifu td file,0.35355339059327384
458,objkeylabelmap added component column,0.35355339059327384
748,yes take data dict,0.35355339059327384
668,two parameters function pass,0.35355339059327384
20,added component column definition,0.35355339059327384
627,take data dict per,0.35355339059327384
597,since supporting ifu td,0.35355339059327384
629,tatoo tomour split separate,0.35355339059327384
480,pass single concatenated string,0.35355339059327384
41,architecture objkeylabelmap added component,0.35355339059327384
654,tomour split separate files,0.35355339059327384
277,future column kind data,0.35355339059327384
482,patient name fhirhumannamesorter could,0.35355339059327384
150,could reused future column,0.35355339059327384
326,ifu td file downloads,0.35355339059327384
234,file downloads dont restrict,0.35355339059327384
151,could use isnumber function,0.35355339059327384
547,rename file models files,0.35355339059327384
345,isnumber function valid number,0.35355339059327384
349,key actuallength actuallength means,0.35355339059327384
350,key also part condition,0.35355339059327384
352,key key also part,0.35355339059327384
339,instead sending two parameters,0.35355339059327384
225,explicitly checking could use,0.35355339059327384
558,restrict ifu naming conventions,0.35355339059327384
363,limiting patient name fhirhumannamesorter,0.35355339059327384
193,downloads dont restrict ifu,0.35355339059327384
717,valid number enter loop,0.35355339059327384
231,fhirhumannamesorter could reused future,0.35355339059327384
235,file models files id,0.35355339059327384
238,files id related tatoo,0.35355339059327384
175,dict per architecture objkeylabelmap,0.35355339059327384
189,dont restrict ifu naming,0.35355339059327384
546,related tatoo tomour split,0.35355339059327384
154,data dict per architecture,0.35355339059327384
569,reused future column kind,0.35355339059327384
159,data type transform function,0.3359482812559737
443,needed able achieve using,0.3359482812559737
246,flushing response refer existing,0.3359482812559737
711,using httpmock flushing response,0.3359482812559737
38,appropriate data type transform,0.3359482812559737
706,used column definition data,0.3359482812559737
27,also kindly update interface,0.3359482812559737
526,property used column definition,0.3359482812559737
557,response refer existing test,0.3359482812559737
155,data dictionary also kindly,0.3359482812559737
354,kindly update interface param,0.3359482812559737
709,used please set appropriate,0.3359482812559737
6,achieve using httpmock flushing,0.3359482812559737
2,able achieve using httpmock,0.3359482812559737
366,lines needed able achieve,0.3359482812559737
494,places used please set,0.3359482812559737
674,type transform function specific,0.3359482812559737
660,transform function specific component,0.3359482812559737
589,set appropriate data type,0.3359482812559737
505,please set appropriate data,0.3359482812559737
689,update interface param documentation,0.3359482812559737
167,definition data dictionary also,0.3359482812559737
176,dictionary also kindly update,0.3359482812559737
313,httpmock flushing response refer,0.3359482812559737
290,given key emits onvaluechange,0.3333333333333334
174,dialog renderer service creating,0.3333333333333334
351,key emits onvaluechange event,0.3333333333333334
15,add one test case,0.3333333333333334
297,guess need pass host,0.3333333333333334
577,say dummy text id,0.3333333333333334
476,pass host dialog renderer,0.3333333333333334
643,test case plain text,0.3333333333333334
215,event update page data,0.3333333333333334
152,creating host assigning render,0.3333333333333334
463,one test case plain,0.3333333333333334
586,service creating host assigning,0.3333333333333334
465,onvaluechange event update page,0.3333333333333334
690,update page data model,0.3333333333333334
138,correction updates given key,0.3333333333333334
694,updates given key emits,0.3333333333333334
195,dummy text id pattern,0.3333333333333334
495,plain text say dummy,0.3333333333333334
205,emits onvaluechange event update,0.3333333333333334
646,text id pattern exists,0.3333333333333334
647,text say dummy text,0.3333333333333334
441,need pass host dialog,0.3333333333333334
74,case plain text say,0.3333333333333334
408,minor correction updates given,0.3333333333333334
550,renderer service creating host,0.3333333333333334
307,host assigning render call,0.3333333333333334
308,host dialog renderer service,0.3333333333333334
650,threadid beadaefbe threadskype groupid,0.3242836132557886
642,tenantid aaddbace filetype xlsx,0.3242836132557886
592,sheethttpsteamsmicrosoftcomlfilefeeedacbbacbacfe tenantid aaddbace filetype,0.3242836132557886
655,tracker sheethttpsteamsmicrosoftcomlfilefeeedacbbacbacfe tenantid aaddbace,0.3242836132557886
637,teams threadid beadaefbe threadskype,0.3242836132557886
588,servicename teams threadid beadaefbe,0.3242836132557886
656,trackerxlsx baseurl https fsharephilipscom,0.3242836132557886
0,aaddbace filetype xlsx objecturl,0.3242836132557886
275,funicorn flocalization change trackerxlsx,0.3242836132557886
255,fshared documents funicorn flocalization,0.3242836132557886
457,objecturl https fsharephilipscom fsites,0.3242836132557886
241,fisrord fshared documents funicorn,0.3242836132557886
242,fisrord servicename teams threadid,0.3242836132557886
244,flocalization change trackerxlsx baseurl,0.3242836132557886
80,change trackerxlsx baseurl https,0.3242836132557886
53,beadaefbe threadskype groupid edcfceddb,0.3242836132557886
52,baseurl https fsharephilipscom fsites,0.3242836132557886
256,fsharephilipscom fsites fisrord fshared,0.3242836132557886
257,fsharephilipscom fsites fisrord servicename,0.3242836132557886
258,fsites fisrord fshared documents,0.3242836132557886
746,xlsx objecturl https fsharephilipscom,0.3242836132557886
259,fsites fisrord servicename teams,0.3242836132557886
187,documents funicorn flocalization change,0.3242836132557886
239,filetype xlsx objecturl https,0.3242836132557886
198,dynamically comes html template,0.316227766016838
226,explicitly otherwise get document,0.316227766016838
201,eg patientname patient name,0.316227766016838
216,example change patientname patient,0.316227766016838
222,expect protocol id allow,0.316227766016838
188,dont need use viewchild,0.316227766016838
249,format eg patientname patient,0.316227766016838
184,document list api requests,0.316227766016838
251,format please correct appropriately,0.316227766016838
539,readable format please correct,0.316227766016838
538,readable format eg patientname,0.316227766016838
703,use viewchild pass null,0.316227766016838
528,protocolcardid mean id first,0.316227766016838
563,returns also update decriptions,0.316227766016838
467,otherwise get document list,0.316227766016838
565,returns specifying returns also,0.316227766016838
78,change patientname patient name,0.316227766016838
10,add description human readable,0.316227766016838
18,add returns specifying returns,0.316227766016838
21,added explicitly otherwise get,0.316227766016838
29,also update decriptions method,0.316227766016838
611,specifying returns also update,0.316227766016838
33,api requests extra slash,0.316227766016838
607,sometimes better null undefined,0.316227766016838
604,slash need added explicitly,0.316227766016838
54,better add description human,0.316227766016838
57,better null undefined check,0.316227766016838
733,viewcontainerref initialized dont need,0.316227766016838
527,protocol id allow ids,0.316227766016838
732,viewchild pass null dialog,0.316227766016838
731,view viewcontainerref initialized dont,0.316227766016838
105,comes html template could,0.316227766016838
106,comment add returns specifying,0.316227766016838
135,contradicting expect protocol id,0.316227766016838
147,could null undefined sometimes,0.316227766016838
640,template could null undefined,0.316227766016838
163,decriptions method based functionality,0.316227766016838
720,value dynamically comes html,0.316227766016838
170,description human readable format,0.316227766016838
173,dialog component takes care,0.316227766016838
240,first part nd part,0.316227766016838
432,nd part contradicting expect,0.316227766016838
427,name name patient etc,0.316227766016838
316,human readable format please,0.316227766016838
318,id first part nd,0.316227766016838
483,patient name human readable,0.316227766016838
330,initialized dont need use,0.316227766016838
484,patient name name patient,0.316227766016838
485,patientname patient name human,0.316227766016838
486,patientname patient name name,0.316227766016838
684,update decriptions method based,0.316227766016838
315,human readable format eg,0.316227766016838
347,ive mentioned example change,0.316227766016838
426,name human readable format,0.316227766016838
659,trailing slash need added,0.316227766016838
367,list api requests extra,0.316227766016838
680,undefined sometimes better null,0.316227766016838
395,mean id first part,0.316227766016838
401,mentioned example change patientname,0.316227766016838
435,need added explicitly otherwise,0.316227766016838
405,method based functionality performs,0.316227766016838
309,html template could null,0.316227766016838
451,null dialog component takes,0.316227766016838
479,pass null dialog component,0.316227766016838
452,null undefined sometimes better,0.316227766016838
442,need use viewchild pass,0.316227766016838
473,part contradicting expect protocol,0.316227766016838
280,general comment add returns,0.316227766016838
474,part nd part contradicting,0.316227766016838
285,get document list api,0.316227766016838
14,add new data type,0.3015113445777637
161,datatype missing data type,0.3015113445777637
160,data type typecast instead,0.3015113445777637
157,data type avoided somehow,0.3015113445777637
50,avoided somehow feel free,0.3015113445777637
253,free add new data,0.3015113445777637
669,type avoided somehow feel,0.3015113445777637
446,new data type typecast,0.3015113445777637
605,somehow feel free add,0.3015113445777637
230,feel free add new,0.3015113445777637
409,missing data type avoided,0.3015113445777637
420,multiple files code readability,0.2886751345948129
428,names generally use helper,0.2886751345948129
742,word file names generally,0.2886751345948129
573,rid helper word file,0.2886751345948129
612,splitted multiple files code,0.2886751345948129
271,function splitted multiple files,0.2886751345948129
236,file names generally use,0.2886751345948129
281,generally use helper function,0.2886751345948129
301,helper word file names,0.2886751345948129
300,helper function splitted multiple,0.2886751345948129
287,get rid helper word,0.2886751345948129
701,use helper function splitted,0.2886751345948129
343,isempty utility core module,0.27735009811261463
89,checks number types input,0.27735009811261463
714,utility core module checks,0.27735009811261463
58,better reuse isempty utility,0.27735009811261463
568,reuse isempty utility core,0.27735009811261463
276,future better reuse isempty,0.27735009811261463
673,type string future better,0.27735009811261463
620,string future better reuse,0.27735009811261463
523,problem long type string,0.27735009811261463
137,core module checks number,0.27735009811261463
413,module checks number types,0.27735009811261463
453,number types input data,0.27735009811261463
372,long type string future,0.27735009811261463
696,url called refer existing,0.2686034180682498
245,flushed need expect http,0.2686034180682498
438,need expect http verb,0.2686034180682498
509,post get etc url,0.2686034180682498
286,get etc url called,0.2686034180682498
312,http verb called say,0.2686034180682498
556,response flushed need expect,0.2686034180682498
579,say post get etc,0.2686034180682498
69,called refer existing test,0.2686034180682498
727,verb called say post,0.2686034180682498
70,called say post get,0.2686034180682498
221,expect http verb called,0.2686034180682498
214,etc url called refer,0.2686034180682498
252,found updateparametervalue function srcapppuibuilderservicespuidatabuilderservicets,0.26726124191242445
272,function srcapppuibuilderservicespuidatabuilderservicets called multiple,0.26726124191242445
578,say look better approach,0.26726124191242445
361,level found updateparametervalue function,0.26726124191242445
744,would say look better,0.26726124191242445
613,srcapppuibuilderservicespuidatabuilderservicets called multiple times,0.26726124191242445
55,better approach skimmed bug,0.26726124191242445
373,look better approach skimmed,0.26726124191242445
36,approach skimmed bug high,0.26726124191242445
303,high level found updateparametervalue,0.26726124191242445
693,updateparametervalue function srcapppuibuilderservicespuidatabuilderservicets called,0.26726124191242445
68,called multiple times avoided,0.26726124191242445
600,skimmed bug high level,0.26726124191242445
66,bug high level found,0.26726124191242445
710,using async pipe angular,0.2581988897471612
739,well move common helpers,0.2581988897471612
631,tattoo position well move,0.2581988897471612
725,variable subscribe variable html,0.2581988897471612
724,variable html using async,0.2581988897471612
707,used different model well,0.2581988897471612
749,œno documents availableâ instead,0.2581988897471612
623,subscribing good practice assign,0.2581988897471612
506,position well move common,0.2581988897471612
490,pipe angular taken care,0.2581988897471612
488,per latest design menu,0.2581988897471612
459,observable public variable subscribe,0.2581988897471612
449,notification shown case failure,0.2581988897471612
415,move common helpers reuse,0.2581988897471612
402,menu single item œno,0.2581988897471612
356,latest design menu single,0.2581988897471612
346,item œno documents availableâ,0.2581988897471612
340,instead subscribing good practice,0.2581988897471612
622,subscribe variable html using,0.2581988897471612
336,instead apply generics used,0.2581988897471612
310,html using async pipe,0.2581988897471612
302,helpers reuse instead apply,0.2581988897471612
294,good practice assign observable,0.2581988897471612
284,generics used different model,0.2581988897471612
263,function exists tattoo position,0.2581988897471612
229,failure please make necessary,0.2581988897471612
220,exists tattoo position well,0.2581988897471612
196,duplication function exists tattoo,0.2581988897471612
185,documents availableâ instead notification,0.2581988897471612
171,design menu single item,0.2581988897471612
116,common helpers reuse instead,0.2581988897471612
95,code duplication function exists,0.2581988897471612
72,case failure please make,0.2581988897471612
48,availableâ instead notification shown,0.2581988897471612
46,async pipe angular taken,0.2581988897471612
44,assign observable public variable,0.2581988897471612
35,apply generics used different,0.2581988897471612
31,angular taken care unsubscribing,0.2581988897471612
502,please make necessary changes,0.2581988897471612
337,instead notification shown case,0.2581988897471612
512,practice assign observable public,0.2581988897471612
567,reuse instead apply generics,0.2581988897471612
599,single item œno documents,0.2581988897471612
594,shown case failure please,0.2581988897471612
531,public variable subscribe variable,0.2581988897471612
507,positions tumour locations contains,0.25000000000000006
202,either valid invalid tattoos,0.25000000000000006
545,reference screenshots tattoo positions,0.25000000000000006
328,info private function return,0.25000000000000006
304,history table would follows,0.25000000000000006
559,return needed value object,0.25000000000000006
268,function return needed value,0.25000000000000006
266,function pass necessary info,0.25000000000000006
264,function looks big move,0.25000000000000006
210,entry history table would,0.25000000000000006
716,valid invalid tattoos tattoo,0.25000000000000006
580,screenshots tattoo positions tumour,0.25000000000000006
585,separate private function pass,0.25000000000000006
721,value object format intermediate,0.25000000000000006
132,contains either valid invalid,0.25000000000000006
633,tattoos tattoo markers appropriate,0.25000000000000006
632,tattoo positions tumour locations,0.25000000000000006
64,big move separate private,0.25000000000000006
630,tattoo markers appropriate entry,0.25000000000000006
39,appropriate entry history table,0.25000000000000006
341,invalid tattoos tattoo markers,0.25000000000000006
375,looks big move separate,0.25000000000000006
444,needed value object format,0.25000000000000006
521,private function pass necessary,0.25000000000000006
665,tumour locations contains either,0.25000000000000006
392,markers appropriate entry history,0.25000000000000006
478,pass necessary info private,0.25000000000000006
369,locations contains either valid,0.25000000000000006
522,private function return needed,0.25000000000000006
418,move separate private function,0.25000000000000006
455,object format intermediate interface,0.25000000000000006
433,necessary info private function,0.25000000000000006
571,review status rather status,0.24253562503633302
217,example oar contours ptv,0.24253562503633302
134,contours ptv review status,0.24253562503633302
103,codefir message review status,0.24253562503633302
223,explain anything please let,0.24253562503633302
572,review status status text,0.24253562503633302
537,rather status example oar,0.24253562503633302
501,please let know comments,0.24253562503633302
404,message review status rather,0.24253562503633302
615,status example oar contours,0.24253562503633302
616,status rather status example,0.24253562503633302
617,status status text explain,0.24253562503633302
32,anything please let know,0.24253562503633302
618,status text explain anything,0.24253562503633302
645,text explain anything please,0.24253562503633302
530,ptv review status status,0.24253562503633302
454,oar contours ptv review,0.24253562503633302
164,default assign name button,0.22360679774997902
90,child component multiple given,0.22360679774997902
461,one input property default,0.22360679774997902
469,pace mark one input,0.22360679774997902
43,assign name button text,0.22360679774997902
117,component multiple given pace,0.22360679774997902
119,component used child component,0.22360679774997902
683,unique dynamic component used,0.22360679774997902
278,future ee testing unique,0.22360679774997902
387,mark one input property,0.22360679774997902
421,multiple given pace mark,0.22360679774997902
197,dynamic component used child,0.22360679774997902
200,ee testing unique dynamic,0.22360679774997902
331,input property default assign,0.22360679774997902
705,used child component multiple,0.22360679774997902
320,id future ee testing,0.22360679774997902
644,testing unique dynamic component,0.22360679774997902
525,property default assign name,0.22360679774997902
385,mark id future ee,0.22360679774997902
291,given pace mark one,0.22360679774997902
747,yes changes xlf file,0.18540071400863115
23,added tracker sheethttpsteamsmicrosoftcomlfilefeeedacbbacbacfe tenantid,0.18540071400863115
745,xlf file added tracker,0.18540071400863115
232,file added tracker sheethttpsteamsmicrosoftcomlfilefeeedacbbacbacfe,0.18540071400863115
83,changes xlf file added,0.18540071400863115
180,discussed added change tracker,0.16419444355778257
79,change tracker sheethttpsteamsmicrosoftcomlfilefeeedacbbacbacfe tenantid,0.16419444355778257
295,groupid edcfceddb unicorn teams,0.16419444355778257
555,resolving comment approving pr,0.16419444355778257
92,code code discussed added,0.16419444355778257
94,code discussed added change,0.16419444355778257
681,unicorn teams thus resolving,0.16419444355778257
638,teams thus resolving comment,0.16419444355778257
109,comment approving pr thank,0.16419444355778257
651,threadskype groupid edcfceddb unicorn,0.16419444355778257
199,edcfceddb unicorn teams thus,0.16419444355778257
19,added change tracker sheethttpsteamsmicrosoftcomlfilefeeedacbbacbacfe,0.16419444355778257
652,thus resolving comment approving,0.16419444355778257
